currency,yield,real_yield,timestamp,total_supply,circulating_supply,staked_supply,staking_rate,inflation,inflation_total
Tezos,0.06191,0.01233,2020-09-14T00:21:23.807455,849481854,849481854,672088000,0.791170,0.048985,0.048985
Tezos,0.06191,0.01233,2020-09-13T23:21:33.053643,849477114,849477114,672088000,0.791180,0.048985,0.048985
Tezos,0.06195,0.01234,2020-09-12T23:21:50.740596,849367111,849367111,671840000,0.790990,0.049005,0.049005
Tezos,0.06198,0.01235,2020-09-11T23:21:24.719743,849258737,849258737,671792000,0.791030,0.049030,0.049030
Tezos,0.06198,0.01234,2020-09-10T23:21:19.009697,849146788,849146788,671784000,0.791130,0.049032,0.049032
Tezos,0.06202,0.01236,2020-09-09T23:21:30.978571,849036267,849036267,671488000,0.790880,0.049048,0.049048
Tezos,0.06205,0.01238,2020-09-08T23:21:26.385642,848926242,848926242,671272000,0.790730,0.049067,0.049067
Tezos,0.06202,0.01234,2020-09-07T23:21:22.477301,848815144,848815144,671688000,0.791320,0.049079,0.049079
Tezos,0.06205,0.01235,2020-09-06T23:16:33.610112,848705544,848705544,671520000,0.791230,0.049096,0.049096
Tezos,0.06229,0.01256,2020-09-05T23:15:29.078309,848595481,848595481,669096000,0.788480,0.049115,0.049115
Tezos,0.06194,0.01221,2020-09-04T23:15:48.199296,848484543,848484543,673008000,0.793190,0.049126,0.049126
Tezos,0.06206,0.01232,2020-09-03T23:15:23.813650,848374753,848374753,671696000,0.791740,0.049137,0.049137
Tezos,0.06191,0.01216,2020-09-02T23:16:10.708355,848264440,848264440,673424000,0.793880,0.049149,0.049149
Tezos,0.06147,0.01174,2020-09-01T23:15:18.853279,848153063,848153063,678264000,0.799700,0.049155,0.049155
Tezos,0.06148,0.01172,2020-08-31T23:15:27.129189,848044271,848044271,678360000,0.799910,0.049178,0.049178
Tezos,0.06147,0.01170,2020-08-30T23:15:15.119234,847934410,847934410,678640000,0.800340,0.049194,0.049194
Tezos,0.06147,0.01169,2020-08-29T23:15:22.219721,847824431,847824431,678688000,0.800500,0.049205,0.049205
Tezos,0.06154,0.01173,2020-08-28T23:15:14.605329,847715317,847715317,678176000,0.800000,0.049233,0.049233
Tezos,0.06155,0.01172,2020-08-27T23:15:16.771987,847605050,847605050,678272000,0.800220,0.049253,0.049253
Tezos,0.06156,0.01171,2020-08-26T23:15:38.579501,847494838,847494838,678352000,0.800420,0.049271,0.049271
Tezos,0.06162,0.01175,2020-08-25T23:15:14.965442,847384608,847384608,677872000,0.799960,0.049290,0.049290
Tezos,0.06166,0.01178,2020-08-24T23:15:23.080344,847273333,847273333,677408000,0.799520,0.049302,0.049302
Tezos,0.06167,0.01178,2020-08-23T23:16:09.451456,847162232,847162232,677408000,0.799620,0.049314,0.049314
Tezos,0.06174,0.01181,2020-08-22T23:16:05.913128,847053504,847053504,677008000,0.799250,0.049345,0.049345
Tezos,0.06173,0.01180,2020-08-21T23:15:27.669401,846942581,846942581,677120000,0.799490,0.049355,0.049355
Tezos,0.06178,0.01182,2020-08-20T23:15:11.105622,846832203,846832203,676760000,0.799170,0.049374,0.049374
Tezos,0.06183,0.01185,2020-08-19T23:16:02.175622,846721525,846721525,676432000,0.798880,0.049395,0.049395
Tezos,0.06155,0.01157,2020-08-18T23:15:14.385994,846611266,846611266,679592000,0.802720,0.049408,0.049408
Tezos,0.06162,0.01162,2020-08-17T23:15:17.606297,846499849,846499849,678928000,0.802040,0.049424,0.049424
Tezos,0.06163,0.01162,2020-08-16T23:15:35.973236,846387768,846387768,678944000,0.802170,0.049434,0.049434
Tezos,0.06161,0.01160,2020-08-15T23:15:17.741931,846274437,846274437,679040000,0.802390,0.049436,0.049436
Tezos,0.06164,0.01162,2020-08-14T23:15:20.229116,846180470,846180470,678768000,0.802160,0.049446,0.049446
Tezos,0.06162,0.01158,2020-08-13T23:15:36.893832,846068512,846068512,679136000,0.802700,0.049459,0.049459
Tezos,0.06161,0.01157,2020-08-12T23:15:39.868218,845956057,845956057,679224000,0.802910,0.049468,0.049468
Tezos,0.06148,0.01142,2020-08-11T23:15:10.288357,845844998,845844998,680872000,0.804960,0.049486,0.049486
Tezos,0.06164,0.01157,2020-08-10T23:15:24.061333,845732745,845732745,679176000,0.803060,0.049498,0.049498
Tezos,0.06168,0.01160,2020-08-09T23:15:19.380683,845619765,845619765,678704000,0.802610,0.049502,0.049502
Tezos,0.06155,0.01148,2020-08-08T23:15:30.806881,845508461,845508461,680056000,0.804320,0.049505,0.049505
Tezos,0.06153,0.01145,2020-08-07T23:15:10.673594,845396602,845396602,680352000,0.804770,0.049520,0.049520
Tezos,0.06163,0.01154,2020-08-06T23:15:33.772607,845283483,845283483,679232000,0.803560,0.049525,0.049525
Tezos,0.06179,0.01167,2020-08-05T23:15:18.213241,845171737,845171737,677664000,0.801810,0.049542,0.049542
Tezos,0.06177,0.01163,2020-08-04T23:15:24.240790,845060639,845060639,678000000,0.802310,0.049556,0.049556
Tezos,0.06156,0.01142,2020-08-03T23:15:21.877204,844948859,844948859,680368000,0.805220,0.049568,0.049568
Tezos,0.06150,0.01136,2020-08-02T23:15:20.505879,844836807,844836807,681080000,0.806170,0.049581,0.049581
Tezos,0.06169,0.01153,2020-08-01T23:15:20.657102,844724992,844724992,679072000,0.803900,0.049591,0.049591
Tezos,0.06152,0.01136,2020-07-31T23:15:23.000038,844612815,844612815,680864000,0.806130,0.049594,0.049594
Tezos,0.06150,0.01132,2020-07-30T23:15:17.843856,844501396,844501396,681312000,0.806760,0.049612,0.049612
Tezos,0.06201,0.01181,2020-07-29T23:15:22.176406,844387935,844387935,675544000,0.800040,0.049608,0.049608
Tezos,0.06210,0.01190,2020-07-28T23:15:11.396207,844274856,844274856,674520000,0.798930,0.049614,0.049614
Tezos,0.06221,0.01200,2020-07-27T23:15:37.546804,844162373,844162373,673320000,0.797620,0.049621,0.049621
Tezos,0.06221,0.01199,2020-07-26T23:15:17.054112,844048857,844048857,673272000,0.797670,0.049623,0.049623
Tezos,0.06215,0.01193,2020-07-25T23:15:14.487092,843936226,843936226,673928000,0.798550,0.049630,0.049630
Tezos,0.06211,0.01189,2020-07-24T23:15:16.475465,843823328,843823328,674328000,0.799130,0.049635,0.049635
Tezos,0.06203,0.01181,2020-07-23T23:21:24.665207,843709801,843709801,675128000,0.800190,0.049640,0.049640
Tezos,0.06199,0.01176,2020-07-22T23:21:15.001318,843597596,843597596,675664000,0.800930,0.049653,0.049653
Tezos,0.06203,0.01178,2020-07-21T23:21:20.289716,843484175,843484175,675320000,0.800630,0.049660,0.049660
Tezos,0.06209,0.01184,2020-07-20T23:21:16.737583,843370298,843370298,674520000,0.799790,0.049660,0.049660
Tezos,0.06213,0.01188,2020-07-19T23:21:13.858510,843257811,843257811,674032000,0.799320,0.049663,0.049663
Tezos,0.06216,0.01190,2020-07-18T23:21:15.542296,843144161,843144161,673704000,0.799040,0.049666,0.049666
Tezos,0.06208,0.01182,2020-07-17T23:21:23.846417,843030758,843030758,674552000,0.800150,0.049671,0.049671
Tezos,0.06180,0.01154,2020-07-16T23:15:18.907234,842917256,842917256,677632000,0.803910,0.049682,0.049682
Tezos,0.06176,0.01150,2020-07-15T23:15:14.192589,842804847,842804847,678024000,0.804480,0.049687,0.049687
Tezos,0.06196,0.01170,2020-07-14T23:15:15.921694,842691276,842691276,675712000,0.801850,0.049686,0.049686
Tezos,0.06192,0.01165,2020-07-13T23:15:14.506300,842578460,842578460,676184000,0.802520,0.049694,0.049694
Tezos,0.06198,0.01170,2020-07-12T23:15:20.792533,842465331,842465331,675536000,0.801860,0.049701,0.049701
Tezos,0.06198,0.01170,2020-07-11T23:15:15.206846,842351581,842351581,675456000,0.801870,0.049702,0.049702
Tezos,0.06200,0.01170,2020-07-10T23:15:19.735325,842238613,842238613,675352000,0.801850,0.049714,0.049714
Tezos,0.06213,0.01182,2020-07-09T23:15:11.621640,842127678,842127678,673992000,0.800340,0.049728,0.049728
Tezos,0.06212,0.01181,2020-07-08T23:15:23.489268,842014120,842014120,673992000,0.800450,0.049724,0.049724
Tezos,0.06211,0.01180,2020-07-07T23:15:22.079328,841901251,841901251,674032000,0.800610,0.049729,0.049729
Tezos,0.06229,0.01197,2020-07-06T23:15:11.919412,841787473,841787473,671984000,0.798280,0.049722,0.049722
Tezos,0.06232,0.01199,2020-07-05T23:15:22.120768,841674709,841674709,671664000,0.798010,0.049732,0.049732
Tezos,0.06232,0.01199,2020-07-04T23:15:21.430829,841561304,841561304,671664000,0.798120,0.049739,0.049739
Tezos,0.06230,0.01196,2020-07-03T23:15:16.362195,841447545,841447545,671816000,0.798400,0.049739,0.049739
Tezos,0.06230,0.01196,2020-07-02T23:19:17.209232,841334888,841334888,671816000,0.798510,0.049749,0.049749
Tezos,0.06230,0.01194,2020-07-01T23:18:08.414860,841222790,841222790,671960000,0.798790,0.049761,0.049761
Tezos,0.06227,0.01191,2020-06-30T23:17:17.271603,841109111,841109111,672216000,0.799200,0.049768,0.049768
Tezos,0.06232,0.01194,2020-06-29T23:18:15.703898,840996866,840996866,671848000,0.798870,0.049784,0.049784
Tezos,0.06209,0.01170,2020-06-28T23:17:25.084705,840884914,840884914,674480000,0.802110,0.049800,0.049800
Tezos,0.06216,0.01176,2020-06-27T23:19:22.581356,840771946,840771946,673816000,0.801420,0.049813,0.049813
Tezos,0.06222,0.01180,2020-06-26T23:15:26.146945,840658817,840658817,673272000,0.800890,0.049830,0.049830
Tezos,0.06221,0.01178,2020-06-25T23:15:19.885856,840546005,840546005,673480000,0.801240,0.049844,0.049844
Tezos,0.06226,0.01186,2020-06-24T23:15:14.292937,840432899,840432899,672376000,0.800040,0.049811,0.049811
Tezos,0.06226,0.01185,2020-06-23T23:15:16.245586,840319993,840319993,672432000,0.800210,0.049825,0.049825
Tezos,0.06227,0.01185,2020-06-22T23:15:13.765712,840206592,840206592,672376000,0.800250,0.049834,0.049834
Tezos,0.06234,0.01191,2020-06-21T23:15:11.687502,840092564,840092564,671648000,0.799490,0.049843,0.049843
Tezos,0.06236,0.01191,2020-06-20T23:15:15.089806,839979706,839979706,671552000,0.799490,0.049857,0.049857
Tezos,0.06245,0.01198,2020-06-19T23:15:20.516205,839867842,839867842,670760000,0.798650,0.049874,0.049874
Tezos,0.06259,0.01211,2020-06-18T23:15:10.154984,839754744,839754744,669240000,0.796950,0.049883,0.049883
Tezos,0.06259,0.01209,2020-06-17T23:15:23.902783,839642035,839642035,669352000,0.797190,0.049895,0.049895
Tezos,0.06257,0.01207,2020-06-16T23:15:12.907638,839528533,839528533,669544000,0.797520,0.049902,0.049902
Tezos,0.06261,0.01209,2020-06-15T23:15:23.472639,839415785,839415785,669216000,0.797240,0.049915,0.049915
Tezos,0.06267,0.01215,2020-06-14T23:15:25.444291,839303201,839303201,668440000,0.796420,0.049910,0.049910
Tezos,0.06258,0.01206,2020-06-13T23:15:23.719214,839190032,839190032,669368000,0.797640,0.049917,0.049917
Tezos,0.06266,0.01213,2020-06-12T23:15:28.511451,839076456,839076456,668488000,0.796700,0.049922,0.049922
Tezos,0.06268,0.01214,2020-06-11T23:15:18.012597,838963473,838963473,668296000,0.796570,0.049928,0.049928
Tezos,0.06271,0.01217,2020-06-10T23:15:22.425326,838849493,838849493,667896000,0.796200,0.049934,0.049934
Tezos,0.06278,0.01222,2020-06-09T23:15:18.934780,838737472,838737472,667304000,0.795600,0.049949,0.049949
Tezos,0.06283,0.01226,2020-06-08T23:15:15.570814,838625410,838625410,666808000,0.795120,0.049961,0.049961
Tezos,0.06296,0.01237,2020-06-07T23:15:20.076318,838511769,838511769,665536000,0.793710,0.049968,0.049968
Tezos,0.06302,0.01241,2020-06-06T23:15:15.736625,838401154,838401154,665096000,0.793290,0.049993,0.049993
Tezos,0.06302,0.01240,2020-06-05T23:15:13.146469,838287977,838287977,665128000,0.793440,0.049999,0.049999
Tezos,0.06304,0.01241,2020-06-04T23:15:20.387186,838174363,838174363,664896000,0.793270,0.050004,0.050004
Tezos,0.06305,0.01242,2020-06-03T23:15:12.508558,838062451,838062451,664768000,0.793220,0.050016,0.050016
Tezos,0.06303,0.01239,2020-06-02T23:15:19.681344,837948801,837948801,664952000,0.793550,0.050016,0.050016
Tezos,0.06323,0.01258,2020-06-01T23:15:23.729112,837835455,837835455,662800000,0.791090,0.050024,0.050024
Tezos,0.06325,0.01260,2020-05-31T23:15:14.276299,837721683,837721683,662528000,0.790870,0.050024,0.050024
Tezos,0.06323,0.01257,2020-05-30T23:15:23.833921,837607881,837607881,662744000,0.791230,0.050026,0.050026
Tezos,0.06315,0.01250,2020-05-29T23:15:27.313319,837493977,837493977,663432000,0.792160,0.050024,0.050024
Tezos,0.06316,0.01251,2020-05-28T23:16:14.137037,837379853,837379853,663240000,0.792040,0.050025,0.050025
Tezos,0.06333,0.01267,2020-05-27T23:15:26.302002,837265317,837265317,661448000,0.790010,0.050032,0.050032
Tezos,0.06235,0.01173,2020-05-26T23:15:36.002150,837151126,837151126,671776000,0.802460,0.050036,0.050036
Tezos,0.06260,0.01192,2020-05-25T23:15:23.066150,837045744,837045744,669648000,0.800010,0.050080,0.050080
Tezos,0.06242,0.01174,2020-05-24T23:15:32.101054,836932680,836932680,671624000,0.802480,0.050092,0.050092
Tezos,0.06250,0.01180,2020-05-23T23:15:37.972143,836819214,836819214,670832000,0.801640,0.050100,0.050100
Tezos,0.06250,0.01180,2020-05-22T23:15:35.779126,836704810,836704810,670776000,0.801690,0.050103,0.050103
Tezos,0.06251,0.01181,2020-05-21T23:15:34.383312,836590901,836590901,670648000,0.801640,0.050111,0.050111
Tezos,0.06262,0.01190,2020-05-20T23:15:35.104287,836477248,836477248,669488000,0.800370,0.050118,0.050118
Tezos,0.06263,0.01191,2020-05-19T23:15:28.855010,836363487,836363487,669352000,0.800310,0.050121,0.050121
Tezos,0.06267,0.01195,2020-05-18T23:21:38.369958,836250075,836250075,668776000,0.799730,0.050123,0.050123
Tezos,0.06269,0.01195,2020-05-17T23:21:26.572468,836136389,836136389,668696000,0.799740,0.050133,0.050133
Tezos,0.06274,0.01200,2020-05-16T23:21:29.449092,836022451,836022451,668064000,0.799100,0.050137,0.050137
Tezos,0.06282,0.01206,2020-05-15T23:21:23.502017,835911005,835911005,667424000,0.798440,0.050156,0.050156
Tezos,0.06286,0.01208,2020-05-14T23:21:27.771673,835798547,835798547,667112000,0.798170,0.050172,0.050172
Tezos,0.06297,0.01218,2020-05-13T23:21:28.953017,835685012,835685012,665976000,0.796920,0.050178,0.050178
Tezos,0.06306,0.01225,2020-05-12T23:21:30.133136,835572051,835572051,665040000,0.795910,0.050189,0.050189
Tezos,0.06323,0.01241,2020-05-11T23:15:30.060685,835457880,835457880,663248000,0.793870,0.050194,0.050194
Tezos,0.06343,0.01261,2020-05-10T23:15:18.934456,835344246,835344246,660952000,0.791230,0.050189,0.050189
Tezos,0.06348,0.01265,2020-05-09T23:15:24.008198,835231410,835231410,660424000,0.790710,0.050194,0.050194
Tezos,0.06350,0.01267,2020-05-08T23:15:31.794029,835118037,835118037,660080000,0.790400,0.050188,0.050188
Tezos,0.06349,0.01269,2020-05-07T23:15:29.601888,835004649,835004649,659760000,0.790130,0.050166,0.050166
Tezos,0.06349,0.01269,2020-05-06T23:15:30.742410,834891904,834891904,659688000,0.790150,0.050165,0.050165
Tezos,0.06342,0.01262,2020-05-05T23:15:22.572919,834778696,834778696,660320000,0.791010,0.050163,0.050163
Tezos,0.06347,0.01267,2020-05-04T23:15:28.820373,834665383,834665383,659648000,0.790310,0.050159,0.050159
Tezos,0.06346,0.01267,2020-05-03T23:15:25.273383,834552695,834552695,659640000,0.790410,0.050161,0.050161
Tezos,0.06345,0.01266,2020-05-02T23:15:26.499595,834438828,834438828,659592000,0.790460,0.050153,0.050153
Tezos,0.06342,0.01263,2020-05-01T23:15:29.067351,834326322,834326322,659824000,0.790850,0.050154,0.050154
Tezos,0.06368,0.01288,2020-04-30T23:15:28.316429,834213490,834213490,657080000,0.787660,0.050157,0.050157
Tezos,0.06364,0.01284,2020-04-29T23:15:23.777684,834101615,834101615,657392000,0.788140,0.050158,0.050158
Tezos,0.06363,0.01283,2020-04-28T23:15:29.616900,833988592,833988592,657400000,0.788260,0.050155,0.050155
Tezos,0.06364,0.01286,2020-04-27T23:15:21.439370,833874317,833874317,656984000,0.787870,0.050140,0.050140
Tezos,0.06370,0.01293,2020-04-26T23:15:40.076331,833760577,833760577,656072000,0.786880,0.050121,0.050121
Tezos,0.06357,0.01281,2020-04-25T23:15:52.996989,833647000,833647000,657176000,0.788310,0.050113,0.050113
Tezos,0.06351,0.01278,2020-04-24T23:15:38.351320,833532905,833532905,657344000,0.788620,0.050087,0.050087
Tezos,0.06350,0.01279,2020-04-23T23:15:32.869481,833419573,833419573,657136000,0.788480,0.050066,0.050066
Tezos,0.06351,0.01281,2020-04-22T23:15:32.190047,833306052,833306052,656768000,0.788150,0.050058,0.050058
Tezos,0.06355,0.01287,2020-04-21T23:15:36.210292,833191849,833191849,655984000,0.787310,0.050035,0.050035
Tezos,0.06358,0.01290,2020-04-20T23:24:09.394568,833078477,833078477,655520000,0.786860,0.050025,0.050025
Tezos,0.06359,0.01293,2020-04-19T23:15:53.187253,832964975,832964975,655120000,0.786490,0.050016,0.050016
Tezos,0.06359,0.01294,2020-04-18T23:15:40.260297,832851379,832851379,654920000,0.786360,0.050005,0.050005
Tezos,0.06360,0.01296,2020-04-17T23:15:34.763741,832737186,832737186,654488000,0.785950,0.049983,0.049983
Tezos,0.06361,0.01300,2020-04-16T23:15:34.881093,832623493,832623493,654016000,0.785490,0.049963,0.049963
Tezos,0.06357,0.01297,2020-04-15T23:15:48.728868,832509964,832509964,654112000,0.785710,0.049944,0.049944
Tezos,0.06360,0.01304,2020-04-14T23:15:47.217747,832395423,832395423,653216000,0.784740,0.049912,0.049912
Tezos,0.06536,0.01473,2020-04-13T23:15:37.284624,832281375,832281375,635304000,0.763330,0.049888,0.049888
Tezos,0.06387,0.01334,2020-04-12T23:15:34.667360,832167409,832167409,649672000,0.780700,0.049860,0.049860
Tezos,0.06385,0.01336,2020-04-11T23:15:30.112712,832053317,832053317,649280000,0.780340,0.049824,0.049824
Tezos,0.06386,0.01340,2020-04-10T23:15:40.329200,831941801,831941801,648632000,0.779660,0.049793,0.049793
Tezos,0.06373,0.01330,2020-04-09T23:15:33.752465,831830150,831830150,649616000,0.780950,0.049766,0.049766
Tezos,0.06372,0.01332,2020-04-08T23:15:35.738850,831719060,831719060,649176000,0.780520,0.049733,0.049733
Tezos,0.06371,0.01334,2020-04-07T23:15:29.490120,831610043,831610043,648848000,0.780230,0.049707,0.049707
Tezos,0.06371,0.01337,2020-04-06T23:15:40.284930,831499737,831499737,648312000,0.779690,0.049672,0.049672
Tezos,0.06367,0.01338,2020-04-05T23:15:30.096394,831387970,831387970,648056000,0.779490,0.049632,0.049632
Tezos,0.06359,0.01336,2020-04-04T23:15:47.962627,831277023,831277023,648016000,0.779540,0.049572,0.049572
Tezos,0.06358,0.01339,2020-04-03T23:15:47.492679,831165539,831165539,647488000,0.779010,0.049526,0.049526
Tezos,0.06360,0.01343,2020-04-02T23:15:36.686939,831054288,831054288,646920000,0.778430,0.049510,0.049510
Tezos,0.06317,0.01302,2020-04-01T23:15:35.388611,830943010,830943010,651224000,0.783720,0.049506,0.049506
Tezos,0.06351,0.01335,2020-03-31T23:15:31.606616,830830997,830830997,647520000,0.779360,0.049498,0.049498
Tezos,0.06356,0.01339,2020-03-30T23:15:41.381212,830719859,830719859,646984000,0.778820,0.049498,0.049498
Tezos,0.06360,0.01344,2020-03-29T23:15:25.060965,830609546,830609546,646440000,0.778270,0.049498,0.049498
Tezos,0.06361,0.01346,2020-03-28T23:15:33.859573,830499609,830499609,646136000,0.778010,0.049491,0.049491
Tezos,0.06386,0.01368,2020-03-27T23:15:38.812675,830391020,830391020,643760000,0.775250,0.049509,0.049509
Tezos,0.06361,0.01344,2020-03-26T23:15:38.800682,830280889,830280889,646192000,0.778280,0.049506,0.049506
Tezos,0.06364,0.01347,2020-03-25T23:21:37.218498,830173012,830173012,645752000,0.777850,0.049502,0.049502
Tezos,0.06369,0.01351,2020-03-24T23:21:35.103118,830064603,830064603,645304000,0.777410,0.049511,0.049511
Tezos,0.06374,0.01356,2020-03-23T23:21:34.027651,829954836,829954836,644624000,0.776700,0.049505,0.049505
Tezos,0.06379,0.01360,2020-03-22T23:21:28.548587,829845543,829845543,644200000,0.776290,0.049519,0.049519
Tezos,0.06315,0.01298,2020-03-21T20:21:36.481946,829722059,829722059,650664000,0.784200,0.049520,0.049520
Tezos,0.06316,0.01299,2020-03-20T23:21:37.433379,829626887,829626887,650616000,0.784230,0.049534,0.049534
Tezos,0.06313,0.01294,2020-03-19T23:21:59.501702,829516741,829516741,651104000,0.784920,0.049552,0.049552
Tezos,0.06315,0.01293,2020-03-18T23:15:32.293577,829408862,829408862,651168000,0.785100,0.049581,0.049581
Tezos,0.06318,0.01294,2020-03-17T23:15:29.455291,829301111,829301111,651016000,0.785020,0.049597,0.049597
Tezos,0.06324,0.01299,2020-03-16T23:15:26.209160,829193636,829193636,650424000,0.784400,0.049609,0.049609
Tezos,0.06335,0.01306,2020-03-15T23:17:39.854932,829087837,829087837,649712000,0.783650,0.049644,0.049644
Tezos,0.06332,0.01302,2020-03-14T23:21:35.429540,828981585,828981585,650096000,0.784210,0.049658,0.049658
Tezos,0.06326,0.01292,2020-03-13T23:21:31.431148,828874644,828874644,651104000,0.785530,0.049690,0.049690
Tezos,0.06339,0.01302,2020-03-12T23:21:31.886075,828769099,828769099,650128000,0.784450,0.049725,0.049725
Tezos,0.06316,0.01276,2020-03-11T23:21:27.190894,828664684,828664684,652936000,0.787940,0.049768,0.049768
Tezos,0.06277,0.01235,2020-03-10T23:21:43.047632,828560987,828560987,657392000,0.793410,0.049804,0.049804
Tezos,0.06277,0.01232,2020-03-09T23:15:29.066436,828456574,828456574,657752000,0.793950,0.049840,0.049840
Tezos,0.06275,0.01225,2020-03-08T23:15:29.825235,828354526,828354526,658632000,0.795110,0.049893,0.049893
Tezos,0.06286,0.01229,2020-03-07T23:15:25.162389,828253047,828253047,658208000,0.794690,0.049951,0.049951
Tezos,0.06292,0.01230,2020-03-06T23:15:39.148566,828150676,828150676,658136000,0.794710,0.050002,0.050002
Tezos,0.06294,0.01227,2020-03-05T23:15:35.968587,828049997,828049997,658512000,0.795260,0.050057,0.050057
Tezos,0.06339,0.01261,2020-03-04T23:15:43.943866,827953951,827953951,655048000,0.791160,0.050150,0.050150
Tezos,0.06342,0.01259,2020-03-03T23:15:25.174908,827850005,827850005,655272000,0.791540,0.050201,0.050201
Tezos,0.06352,0.01266,2020-03-02T23:15:17.431044,827874760,827874760,654576000,0.790670,0.050226,0.050226
Tezos,0.06360,0.01270,2020-03-01T23:15:28.120798,827765854,827765854,654088000,0.790180,0.050252,0.050252
Tezos,0.06360,0.01268,2020-02-29T23:15:43.106287,827657697,827657697,654352000,0.790610,0.050280,0.050280
Tezos,0.06387,0.01292,2020-02-28T23:15:33.503530,827548768,827548768,651704000,0.787510,0.050300,0.050300
Tezos,0.06480,0.01378,2020-02-27T23:15:36.970508,827440392,827440392,642640000,0.776660,0.050329,0.050329
Tezos,0.06378,0.01278,2020-02-26T23:15:17.251393,827332435,827332435,653248000,0.789580,0.050358,0.050358
Tezos,0.06386,0.01284,2020-02-25T23:15:26.163508,827223394,827223394,652560000,0.788860,0.050377,0.050377
Tezos,0.06387,0.01282,2020-02-24T23:15:27.351105,827115254,827115254,652696000,0.789120,0.050399,0.050399
Tezos,0.06389,0.01280,2020-02-23T23:15:24.674472,827009201,827009201,652944000,0.789520,0.050442,0.050442
Tezos,0.06393,0.01282,2020-02-22T23:15:35.539561,826901067,826901067,652768000,0.789420,0.050466,0.050466
Tezos,0.06409,0.01295,2020-02-21T23:17:02.299499,826793532,826793532,651336000,0.787790,0.050487,0.050487
Tezos,0.06411,0.01295,2020-02-20T23:25:49.624778,826685788,826685788,651280000,0.787820,0.050507,0.050507
Tezos,0.06423,0.01305,2020-02-19T23:25:52.087085,826577799,826577799,650208000,0.786630,0.050525,0.050525
Tezos,0.06420,0.01301,2020-02-18T23:26:04.565516,826466370,826466370,650464000,0.787040,0.050525,0.050525
Tezos,0.06403,0.01286,2020-02-17T23:25:53.951900,826352901,826352901,651960000,0.788960,0.050521,0.050521
Tezos,0.06422,0.01303,2020-02-16T23:26:04.992154,826240208,826240208,650104000,0.786820,0.050531,0.050531
Tezos,0.06435,0.01312,2020-02-15T23:26:02.204696,826131062,826131062,649112000,0.785720,0.050558,0.050558
Tezos,0.06448,0.01323,2020-02-14T23:26:13.282109,826021468,826021468,647952000,0.784420,0.050583,0.050583
Tezos,0.06449,0.01322,2020-02-13T23:25:49.933066,825910473,825910473,647984000,0.784570,0.050599,0.050599
Tezos,0.06471,0.01341,2020-02-12T23:25:56.254303,825800527,825800527,646016000,0.782290,0.050624,0.050624
Tezos,0.06440,0.01312,2020-02-11T23:25:58.193290,825689969,825689969,649016000,0.786030,0.050617,0.050617
Tezos,0.06444,0.01316,2020-02-10T23:25:51.320567,825577882,825577882,648464000,0.785470,0.050612,0.050612
Tezos,0.06446,0.01317,2020-02-09T23:26:03.058905,825466622,825466622,648240000,0.785300,0.050621,0.050621
Tezos,0.06445,0.01315,2020-02-08T23:25:55.805398,825356997,825356997,648456000,0.785670,0.050634,0.050634
Tezos,0.06452,0.01321,2020-02-07T23:25:59.688580,825245817,825245817,647696000,0.784850,0.050637,0.050637
Tezos,0.06458,0.01327,2020-02-06T23:25:58.736783,825134114,825134114,647032000,0.784150,0.050640,0.050640
Tezos,0.06454,0.01323,2020-02-05T23:25:48.087356,825022983,825022983,647320000,0.784610,0.050636,0.050636
Tezos,0.06455,0.01324,2020-02-04T23:25:58.405554,824912024,824912024,647144000,0.784500,0.050638,0.050638
Tezos,0.06458,0.01328,2020-02-03T23:25:51.563840,824799935,824799935,646632000,0.783990,0.050630,0.050630
Tezos,0.06457,0.01328,2020-02-02T23:25:47.701457,824687531,824687531,646496000,0.783930,0.050616,0.050616
Tezos,0.06456,0.01328,2020-02-01T23:25:48.290206,824574176,824574176,646360000,0.783870,0.050605,0.050605
Tezos,0.06460,0.01333,2020-01-31T23:25:54.453298,824460156,824460156,645712000,0.783190,0.050597,0.050597
Tezos,0.06461,0.01333,2020-01-30T23:25:43.518410,824347574,824347574,645640000,0.783210,0.050600,0.050600
Tezos,0.06465,0.01337,2020-01-29T23:25:44.309423,824234688,824234688,645160000,0.782740,0.050603,0.050603
Tezos,0.06559,0.01427,2020-01-28T23:25:51.843094,824121492,824121492,635800000,0.771490,0.050602,0.050602
Tezos,0.06560,0.01428,2020-01-27T23:25:50.005314,824008438,824008438,635616000,0.771370,0.050605,0.050605
Tezos,0.06559,0.01425,2020-01-26T23:25:53.643301,823896218,823896218,635816000,0.771720,0.050616,0.050616
Tezos,0.06558,0.01425,2020-01-25T23:25:55.666612,823783057,823783057,635776000,0.771780,0.050616,0.050616
Tezos,0.06607,0.01472,2020-01-24T23:25:59.330339,823670606,823670606,630904000,0.765970,0.050610,0.050610
Tezos,0.06644,0.01506,2020-01-23T23:26:00.509720,823558333,823558333,627376000,0.761790,0.050611,0.050611
Tezos,0.06644,0.01508,2020-01-22T23:25:44.369847,823446817,823446817,627144000,0.761610,0.050605,0.050605
Tezos,0.06652,0.01515,2020-01-21T23:25:50.448801,823334898,823334898,626336000,0.760730,0.050604,0.050604
Tezos,0.06652,0.01514,2020-01-20T23:26:00.278857,823223424,823223424,626328000,0.760820,0.050609,0.050609
Tezos,0.06573,0.01439,2020-01-19T23:25:57.938219,823113442,823113442,633816000,0.770020,0.050616,0.050616
Tezos,0.06581,0.01446,2020-01-18T23:25:50.911091,823003294,823003294,633064000,0.769210,0.050623,0.050623
Tezos,0.06583,0.01448,2020-01-17T23:25:48.461151,822890494,822890494,632728000,0.768910,0.050614,0.050614
Tezos,0.06578,0.01447,2020-01-16T23:25:52.238707,822777605,822777605,632608000,0.768870,0.050578,0.050578
Tezos,0.06578,0.01450,2020-01-15T23:25:48.155295,822664294,822664294,632136000,0.768400,0.050549,0.050549
Tezos,0.06594,0.01467,2020-01-14T23:25:51.573910,822551019,822551019,630360000,0.766350,0.050536,0.050536
Tezos,0.06603,0.01476,2020-01-13T23:25:50.469424,822437429,822437429,629256000,0.765110,0.050517,0.050517
Tezos,0.06619,0.01491,2020-01-12T23:25:44.901531,822327378,822327378,627680000,0.763300,0.050522,0.050522
Tezos,0.06624,0.01494,2020-01-11T23:27:59.552754,822218662,822218662,627368000,0.763020,0.050542,0.050542
Tezos,0.06632,0.01501,2020-01-10T23:27:59.595777,822106440,822106440,626616000,0.762210,0.050547,0.050547
Tezos,0.06675,0.01541,2020-01-09T23:25:56.740317,821995456,821995456,622672000,0.757510,0.050560,0.050560
Tezos,0.06705,0.01568,2020-01-08T23:30:54.978196,821885702,821885702,619944000,0.754300,0.050575,0.050575
Tezos,0.06712,0.01574,2020-01-07T23:47:09.962704,821775174,821775174,619336000,0.753660,0.050583,0.050583
Tezos,0.06721,0.01581,2020-01-06T23:49:13.419256,821665275,821665275,618656000,0.752930,0.050603,0.050603
Tezos,0.06727,0.01586,2020-01-05T23:47:16.720929,821555819,821555819,618112000,0.752370,0.050610,0.050610
Tezos,0.06723,0.01582,2020-01-04T23:47:14.242904,821445753,821445753,618352000,0.752760,0.050612,0.050612
Tezos,0.06731,0.01588,2020-01-03T23:45:28.839878,821337825,821337825,617760000,0.752140,0.050627,0.050627
Tezos,0.06740,0.01595,2020-01-02T23:49:21.299192,821228930,821228930,617040000,0.751360,0.050643,0.050643
Tezos,0.06735,0.01589,2020-01-01T23:25:45.124957,821117022,821117022,617624000,0.752180,0.050656,0.050656
Tezos,0.06743,0.01595,2019-12-31T23:27:59.190740,821005799,821005799,616904000,0.751400,0.050664,0.050664
Tezos,0.06743,0.01595,2019-12-30T23:25:53.045364,820893849,820893849,616824000,0.751400,0.050667,0.050667
Tezos,0.06750,0.01600,2019-12-29T23:25:53.255988,820782270,820782270,616304000,0.750870,0.050683,0.050683
Tezos,0.06752,0.01602,2019-12-28T23:25:52.441206,820670046,820670046,616048000,0.750660,0.050681,0.050681
Tezos,0.06744,0.01597,2019-12-27T23:28:05.084089,820557233,820557233,616456000,0.751260,0.050665,0.050665
Tezos,0.06747,0.01600,2019-12-26T23:28:01.163084,820445165,820445165,615992000,0.750800,0.050656,0.050656
Tezos,0.06748,0.01602,2019-12-25T23:25:49.679198,820335604,820335604,615776000,0.750640,0.050652,0.050652
Tezos,0.06745,0.01602,2019-12-24T23:27:58.836549,820225008,820225008,615576000,0.750500,0.050624,0.050624
Tezos,0.06730,0.01589,2019-12-23T23:25:52.401815,820115958,820115958,616656000,0.751910,0.050606,0.050606
Tezos,0.06736,0.01597,2019-12-22T23:25:53.480872,820007303,820007303,615776000,0.750940,0.050580,0.050580
Tezos,0.06733,0.01598,2019-12-21T23:25:59.426206,819896827,819896827,615480000,0.750680,0.050544,0.050544
Tezos,0.06735,0.01603,2019-12-20T23:28:00.152227,819785969,819785969,614864000,0.750030,0.050514,0.050514
Tezos,0.06759,0.01629,2019-12-19T23:25:59.311119,819675786,819675786,612208000,0.746890,0.050483,0.050483
Tezos,0.06802,0.01673,2019-12-18T23:25:56.849226,819566437,819566437,607816000,0.741630,0.050447,0.050447
Tezos,0.06807,0.01679,2019-12-17T23:25:52.881154,819460527,819460527,607136000,0.740900,0.050430,0.050430
Tezos,0.06810,0.01685,2019-12-16T23:25:52.978874,819354944,819354944,606456000,0.740160,0.050405,0.050405
Tezos,0.07120,0.01919,2019-10-18T07:53:24.163852,810904882,810904882,581200000,0.716730,0.051032,0.051032
Tezos,0.07121,0.01919,2019-10-17T23:55:41.192317,810904892,810904892,581200000,0.716730,0.051036,0.051036
Tezos,0.07118,0.01918,2019-10-16T23:53:01.172338,810904943,810904943,581200000,0.716730,0.051017,0.051017
Tezos,0.07110,0.01916,2019-10-15T23:52:59.455411,810904999,810904999,581200000,0.716730,0.050960,0.050960
Tezos,0.07157,0.01959,2019-10-14T23:52:47.641144,810579940,810579940,577384000,0.712310,0.050983,0.050983
Tezos,0.07154,0.01958,2019-10-13T23:52:54.797310,810580010,810580010,577384000,0.712310,0.050956,0.050956
Tezos,0.07160,0.01960,2019-10-12T23:52:54.661406,810580062,810580062,577384000,0.712310,0.051001,0.051001
Tezos,0.07169,0.01962,2019-10-11T23:52:50.839032,810256675,810256675,577160000,0.712320,0.051070,0.051070
Tezos,0.07166,0.01962,2019-10-10T23:52:56.384007,810256750,810256750,577160000,0.712320,0.051048,0.051048
Tezos,0.07166,0.01962,2019-10-09T23:52:43.366975,810257025,810257025,577160000,0.712320,0.051047,0.051047
Tezos,0.07181,0.01967,2019-10-08T23:53:13.329587,809932251,809932251,576680000,0.712010,0.051129,0.051129
Tezos,0.07184,0.01968,2019-10-07T23:53:07.253090,809932325,809932325,576680000,0.712010,0.051152,0.051152
Tezos,0.07192,0.01976,2019-10-06T23:53:06.197164,809932374,809932374,576000000,0.711170,0.051145,0.051145
Tezos,0.07199,0.01976,2019-10-05T23:52:48.701526,809607257,809607257,576000000,0.711460,0.051216,0.051216
Tezos,0.07195,0.01975,2019-10-04T23:52:49.996340,809607309,809607309,576000000,0.711460,0.051192,0.051192
Tezos,0.07202,0.01983,2019-10-03T23:54:12.869119,809607367,809607367,575320000,0.710620,0.051182,0.051182
Tezos,0.07204,0.01981,2019-10-02T23:52:59.144929,809283287,809283287,575320000,0.710900,0.051214,0.051214
Tezos,0.07202,0.01981,2019-10-01T23:53:05.351311,809283349,809283349,575320000,0.710900,0.051198,0.051198
Tezos,0.07200,0.01980,2019-09-30T23:53:05.165366,809283414,809283414,575320000,0.710900,0.051187,0.051187
Tezos,0.07212,0.01990,2019-09-29T23:53:03.233864,808959502,808959502,574336000,0.709970,0.051206,0.051206
Tezos,0.07207,0.01989,2019-09-28T23:52:49.147773,808959561,808959561,574336000,0.709970,0.051171,0.051171
Tezos,0.07164,0.01944,2019-09-27T23:55:52.155028,808637615,808637615,577952000,0.714720,0.051205,0.051205
Tezos,0.07158,0.01943,2019-09-26T23:53:08.104849,808637676,808637676,577952000,0.714720,0.051158,0.051158
Tezos,0.07157,0.01942,2019-09-25T23:53:12.806232,808637616,808637616,577952000,0.714720,0.051153,0.051153
Tezos,0.07184,0.01967,2019-09-24T23:53:03.382869,808317149,808317149,575656000,0.712170,0.051163,0.051163
Tezos,0.07187,0.01968,2019-09-23T23:53:45.539842,808317242,808317242,575656000,0.712170,0.051183,0.051183
Tezos,0.07172,0.01964,2019-09-22T12:00:43.754887,808317309,808317309,575656000,0.712170,0.051079,0.051079
Tezos,0.07138,0.01954,2019-09-20T12:00:52.225498,807995519,807995519,575552000,0.712320,0.050847,0.050847
Tezos,0.07132,0.01952,2019-09-19T12:00:58.888397,807995525,807995525,575552000,0.712320,0.050800,0.050800
Tezos,0.07104,0.01940,2019-09-17T12:01:22.150182,807685226,807685226,575880000,0.713000,0.050649,0.050649
Tezos,0.07119,0.01950,2019-09-16T12:01:05.400859,807360752,807360752,574976000,0.712170,0.050700,0.050700
Tezos,0.07121,0.01951,2019-09-15T12:00:52.681259,807360759,807360759,574976000,0.712170,0.050717,0.050717
Tezos,0.07107,0.01947,2019-09-14T12:00:57.464333,807360768,807360768,574976000,0.712170,0.050617,0.050617
Tezos,0.07083,0.01942,2019-09-13T12:00:57.190157,807037659,807037659,574648000,0.712050,0.050431,0.050431
Tezos,0.07043,0.01931,2019-09-12T12:00:34.391209,807037668,807037668,574648000,0.712050,0.050150,0.050150
Tezos,0.07012,0.01923,2019-09-11T12:00:39.582091,807037676,807037676,574648000,0.712050,0.049932,0.049932
Tezos,0.07069,0.01960,2019-09-10T12:00:42.593162,806714584,806714584,571808000,0.708810,0.050105,0.050105
Tezos,0.07073,0.01961,2019-09-09T12:00:40.839984,806714594,806714594,571808000,0.708810,0.050135,0.050135
Tezos,0.07081,0.01963,2019-09-08T12:00:26.054614,806714603,806714603,571808000,0.708810,0.050192,0.050192
Tezos,0.07129,0.02003,2019-09-07T12:00:37.514860,806392299,806392299,568424000,0.704900,0.050250,0.050250
Tezos,0.07130,0.02003,2019-09-06T12:00:22.175671,806392311,806392311,568424000,0.704900,0.050258,0.050258
Tezos,0.07121,0.02001,2019-09-05T12:00:26.490812,806392323,806392323,568424000,0.704900,0.050192,0.050192
Tezos,0.07155,0.02015,2019-09-03T12:00:54.060301,806071727,806071727,567656000,0.704220,0.050389,0.050389
Tezos,0.07188,0.02023,2019-09-02T12:01:02.718148,806071743,806071743,567656000,0.704220,0.050616,0.050616
Tezos,0.07251,0.02041,2019-09-01T12:00:34.374056,805753486,805753486,567328000,0.704100,0.051052,0.051052
Tezos,0.07239,0.02038,2019-08-31T12:00:38.962553,805753493,805753493,567328000,0.704100,0.050967,0.050967
Tezos,0.07236,0.02037,2019-08-30T14:58:33.724790,805753499,805753499,567328000,0.704100,0.050950,0.050950
Tezos,0.07224,0.02040,2019-08-27T12:00:19.211206,805435054,805435054,566376000,0.703190,0.050798,0.050798
Tezos,0.07222,0.02049,2019-08-26T12:11:00.903070,805115445,805115445,565088000,0.701870,0.050686,0.050686
Tezos,0.07197,0.02042,2019-08-25T12:00:32.110669,805115454,805115454,565088000,0.701870,0.050512,0.050512
Tezos,0.07187,0.02040,2019-08-24T12:00:43.570898,805115460,805115460,565088000,0.701870,0.050442,0.050442
Tezos,0.07185,0.02044,2019-08-23T12:00:32.734214,804765427,804765427,564344000,0.701250,0.050386,0.050386
Tezos,0.07179,0.02042,2019-08-22T12:00:28.039116,804765438,804765438,564344000,0.701250,0.050343,0.050343
Tezos,0.07178,0.02042,2019-08-21T12:00:35.245088,804765447,804765447,564344000,0.701250,0.050338,0.050338
Tezos,0.07156,0.02024,2019-08-20T12:00:23.587862,804442503,804442503,565520000,0.703000,0.050306,0.050306
Tezos,0.07151,0.02022,2019-08-19T12:00:29.167883,804442511,804442511,565520000,0.703000,0.050273,0.050273
Tezos,0.07162,0.02025,2019-08-18T12:00:27.299257,804442521,804442521,565520000,0.703000,0.050350,0.050350
Tezos,0.07215,0.02043,2019-08-14T12:01:30.918309,803794629,803794629,564680000,0.702520,0.050687,0.050687
Tezos,0.07241,0.02050,2019-08-13T12:00:31.232339,803794639,803794639,564680000,0.702520,0.050866,0.050866
Tezos,0.07247,0.02051,2019-08-12T12:00:20.851682,803794652,803794652,564680000,0.702520,0.050912,0.050912
Tezos,0.07196,0.01989,2019-08-11T12:00:18.890985,803474396,803474396,570040000,0.709470,0.051053,0.051053
Tezos,0.07199,0.01990,2019-08-10T12:00:32.712305,803474411,803474411,570040000,0.709470,0.051078,0.051078
Tezos,0.07207,0.01992,2019-08-09T12:05:34.232007,803474424,803474424,570040000,0.709470,0.051133,0.051133
Tezos,0.07203,0.01983,2019-08-08T12:00:18.026904,803213428,803213428,570744000,0.710580,0.051185,0.051185
Tezos,0.07202,0.01983,2019-08-07T12:00:18.947466,803213438,803213438,570744000,0.710580,0.051178,0.051178
Tezos,0.07186,0.01979,2019-08-06T12:00:26.021795,803213449,803213449,570744000,0.710580,0.051063,0.051063
Tezos,0.07181,0.01979,2019-08-05T12:00:49.656847,802894255,802894255,570376000,0.710400,0.051016,0.051016
Tezos,0.07178,0.01978,2019-08-04T12:01:11.892759,802894268,802894268,570376000,0.710400,0.050996,0.050996
Tezos,0.07168,0.01975,2019-08-03T12:00:46.471659,802894285,802894285,570376000,0.710400,0.050920,0.050920
Tezos,0.07154,0.01982,2019-08-01T12:00:41.789825,802576881,802576881,568936000,0.708890,0.050716,0.050716
Tezos,0.07146,0.01980,2019-07-31T12:00:52.439716,802265028,802265028,568744000,0.708920,0.050659,0.050659
Tezos,0.07139,0.01978,2019-07-30T12:00:20.702915,802265038,802265038,568744000,0.708920,0.050612,0.050612
Tezos,0.07124,0.01974,2019-07-29T12:00:57.652658,802265047,802265047,568744000,0.708920,0.050501,0.050501
Tezos,0.07115,0.01970,2019-07-27T12:00:29.529303,801947367,801947367,568728000,0.709180,0.050460,0.050460
